GROUP,PACKAGE,CLASS,INSTRUCTION_MISSED,INSTRUCTION_COVERED,BRANCH_MISSED,BRANCH_COVERED,LINE_MISSED,LINE_COVERED,COMPLEXITY_MISSED,COMPLEXITY_COVERED,METHOD_MISSED,METHOD_COVERED
checkstyle,com.puppycrawl.tools.checkstyle.checks.whitespace,WhitespaceAfterCheck,0,130,0,14,0,23,0,13,0,6
checkstyle,com.puppycrawl.tools.checkstyle.checks.whitespace,FileTabCharacterCheck,0,49,0,6,0,14,0,6,0,3
checkstyle,com.puppycrawl.tools.checkstyle.checks.whitespace,AbstractParenPadCheck,0,144,0,26,0,27,0,17,0,4
checkstyle,com.puppycrawl.tools.checkstyle.checks.whitespace,MethodParamPadCheck,0,138,0,16,0,25,0,15,0,7
checkstyle,com.puppycrawl.tools.checkstyle.checks.whitespace,GenericWhitespaceCheck,0,388,0,77,0,73,0,54,0,15
checkstyle,com.puppycrawl.tools.checkstyle.checks.whitespace,TypecastParenPadCheck,0,43,0,6,0,10,0,8,0,5
checkstyle,com.puppycrawl.tools.checkstyle.checks.whitespace,NoLineWrapCheck,0,74,0,2,0,7,0,6,0,5
checkstyle,com.puppycrawl.tools.checkstyle.checks.whitespace,NoWhitespaceAfterCheck,0,482,0,66,0,115,0,52,0,16
checkstyle,com.puppycrawl.tools.checkstyle.checks.whitespace,EmptyLineSeparatorCheck,0,834,0,146,0,179,0,109,0,35
checkstyle,com.puppycrawl.tools.checkstyle.checks.whitespace,WrapOption,0,24,0,0,0,3,0,1,0,1
checkstyle,com.puppycrawl.tools.checkstyle.checks.whitespace,ParenPadCheck,0,320,0,42,0,76,0,38,0,15
checkstyle,com.puppycrawl.tools.checkstyle.checks.whitespace,OperatorWrapCheck,0,333,0,14,0,22,0,13,0,6
checkstyle,com.puppycrawl.tools.checkstyle.checks.whitespace,SeparatorWrapCheck,0,136,0,8,0,22,0,10,0,6
checkstyle,com.puppycrawl.tools.checkstyle.checks.whitespace,EmptyForIteratorPadCheck,0,90,0,12,0,19,0,12,0,6
checkstyle,com.puppycrawl.tools.checkstyle.checks.whitespace,EmptyForInitializerPadCheck,0,92,0,12,0,20,0,12,0,6
checkstyle,com.puppycrawl.tools.checkstyle.checks.whitespace,PadOption,0,24,0,0,0,3,0,1,0,1
checkstyle,com.puppycrawl.tools.checkstyle.checks.whitespace,WhitespaceAroundCheck,0,936,0,154,0,99,0,106,0,29
checkstyle,com.puppycrawl.tools.checkstyle.checks.whitespace,SingleSpaceSeparatorCheck,0,132,0,26,0,30,0,27,0,14
checkstyle,com.puppycrawl.tools.checkstyle.checks.whitespace,NoWhitespaceBeforeCheck,0,154,0,22,0,26,0,18,0,7
checkstyle,com.puppycrawl.tools.checkstyle.checks.annotation,AnnotationUseStyleCheck.ClosingParens,0,34,0,0,0,4,0,1,0,1
checkstyle,com.puppycrawl.tools.checkstyle.checks.annotation,AnnotationUseStyleCheck,0,325,0,54,0,88,0,45,0,17
checkstyle,com.puppycrawl.tools.checkstyle.checks.annotation,AnnotationOnSameLineCheck,0,174,0,16,0,27,0,15,0,7
checkstyle,com.puppycrawl.tools.checkstyle.checks.annotation,MissingOverrideCheck,0,130,0,26,0,36,0,21,0,8
checkstyle,com.puppycrawl.tools.checkstyle.checks.annotation,AnnotationLocationCheck,0,293,0,44,0,54,0,39,0,17
checkstyle,com.puppycrawl.tools.checkstyle.checks.annotation,AnnotationUseStyleCheck.TrailingArrayComma,0,34,0,0,0,4,0,1,0,1
checkstyle,com.puppycrawl.tools.checkstyle.checks.annotation,AnnotationUseStyleCheck.ElementStyle,0,44,0,0,0,5,0,1,0,1
checkstyle,com.puppycrawl.tools.checkstyle.checks.annotation,SuppressWarningsCheck,0,219,0,24,0,62,0,26,0,13
checkstyle,com.puppycrawl.tools.checkstyle.checks.annotation,PackageAnnotationCheck,0,35,0,4,0,11,0,7,0,5
checkstyle,com.puppycrawl.tools.checkstyle.checks.annotation,MissingDeprecatedCheck,0,131,0,30,0,28,0,21,0,6
checkstyle,com.puppycrawl.tools.checkstyle.checks.metrics,NPathComplexityCheck.Values,0,15,0,0,0,6,0,3,0,3
checkstyle,com.puppycrawl.tools.checkstyle.checks.metrics,JavaNCSSCheck.Counter,0,10,0,0,0,3,0,2,0,2
checkstyle,com.puppycrawl.tools.checkstyle.checks.metrics,BooleanExpressionComplexityCheck,0,234,0,21,0,43,0,26,0,13
checkstyle,com.puppycrawl.tools.checkstyle.checks.metrics,NPathComplexityCheck,0,520,0,52,0,139,0,54,0,22
checkstyle,com.puppycrawl.tools.checkstyle.checks.metrics,NPathComplexityCheck.TokenEnd,0,44,0,8,0,13,0,7,0,3
checkstyle,com.puppycrawl.tools.checkstyle.checks.metrics,AbstractClassCouplingCheck,0,491,0,14,0,86,0,31,0,21
checkstyle,com.puppycrawl.tools.checkstyle.checks.metrics,ClassFanOutComplexityCheck,0,60,0,0,0,5,0,4,0,4
checkstyle,com.puppycrawl.tools.checkstyle.checks.metrics,CyclomaticComplexityCheck,0,253,0,12,0,41,0,21,0,15
checkstyle,com.puppycrawl.tools.checkstyle.checks.metrics,BooleanExpressionComplexityCheck.Context,0,55,0,4,0,11,0,6,0,4
checkstyle,com.puppycrawl.tools.checkstyle.checks.metrics,ClassDataAbstractionCouplingCheck,0,36,0,0,0,5,0,4,0,4
checkstyle,com.puppycrawl.tools.checkstyle.checks.metrics,JavaNCSSCheck,0,370,0,46,0,62,0,37,0,14
checkstyle,com.puppycrawl.tools.checkstyle.checks.metrics,AbstractClassCouplingCheck.ClassContext,0,220,0,26,0,52,0,24,0,11
checkstyle,com.puppycrawl.tools.checkstyle.checks.indentation,ArrayInitHandler,0,167,0,12,0,37,0,17,0,11
checkstyle,com.puppycrawl.tools.checkstyle.checks.indentation,IndexHandler,0,8,0,0,0,3,0,2,0,2
checkstyle,com.puppycrawl.tools.checkstyle.checks.indentation,LineWrappingHandler,0,433,0,66,0,111,0,46,0,13
checkstyle,com.puppycrawl.tools.checkstyle.checks.indentation,DoWhileHandler,0,49,0,4,0,12,0,5,0,3
checkstyle,com.puppycrawl.tools.checkstyle.checks.indentation,FinallyHandler,0,7,0,0,0,2,0,1,0,1
checkstyle,com.puppycrawl.tools.checkstyle.checks.indentation,SlistHandler,0,141,0,18,0,23,0,19,0,10
checkstyle,com.puppycrawl.tools.checkstyle.checks.indentation,MethodDefHandler,0,141,0,22,0,39,0,19,0,8
checkstyle,com.puppycrawl.tools.checkstyle.checks.indentation,CommentsIndentationCheck,0,1231,0,292,0,283,0,191,0,45
checkstyle,com.puppycrawl.tools.checkstyle.checks.indentation,ElseHandler,0,36,0,4,0,11,0,5,0,3
checkstyle,com.puppycrawl.tools.checkstyle.checks.indentation,ImportHandler,0,39,0,4,0,8,0,4,0,2
checkstyle,com.puppycrawl.tools.checkstyle.checks.indentation,SwitchHandler,0,38,0,0,0,13,0,7,0,7
checkstyle,com.puppycrawl.tools.checkstyle.checks.indentation,StaticInitHandler,0,7,0,0,0,2,0,1,0,1
checkstyle,com.puppycrawl.tools.checkstyle.checks.indentation,PackageDefHandler,0,39,0,4,0,8,0,4,0,2
checkstyle,com.puppycrawl.tools.checkstyle.checks.indentation,LabelHandler,0,71,0,0,0,13,0,5,0,5
checkstyle,com.puppycrawl.tools.checkstyle.checks.indentation,WhileHandler,0,37,0,0,0,10,0,3,0,3
checkstyle,com.puppycrawl.tools.checkstyle.checks.indentation,LineWrappingHandler.LineWrappingOptions,0,32,0,2,0,7,0,3,0,2
checkstyle,com.puppycrawl.tools.checkstyle.checks.indentation,PrimordialHandler,0,16,0,0,0,5,0,4,0,4
checkstyle,com.puppycrawl.tools.checkstyle.checks.indentation,MethodCallHandler,0,317,0,36,0,76,0,28,0,10
checkstyle,com.puppycrawl.tools.checkstyle.checks.indentation,CaseHandler,0,50,0,0,0,10,0,6,0,6
checkstyle,com.puppycrawl.tools.checkstyle.checks.indentation,ForHandler,0,84,0,2,0,23,0,5,0,4
checkstyle,com.puppycrawl.tools.checkstyle.checks.indentation,TryHandler,0,186,0,22,0,44,0,19,0,8
checkstyle,com.puppycrawl.tools.checkstyle.checks.indentation,ClassDefHandler,0,151,0,16,0,34,0,16,0,8
checkstyle,com.puppycrawl.tools.checkstyle.checks.indentation,ObjectBlockHandler,0,80,0,6,0,21,0,12,0,9
checkstyle,com.puppycrawl.tools.checkstyle.checks.indentation,MemberDefHandler,0,112,0,18,0,29,0,16,0,7
checkstyle,com.puppycrawl.tools.checkstyle.checks.indentation,SynchronizedHandler,0,65,0,4,0,17,0,7,0,5
checkstyle,com.puppycrawl.tools.checkstyle.checks.indentation,IndentationCheck,0,165,0,2,0,54,0,26,0,25
checkstyle,com.puppycrawl.tools.checkstyle.checks.indentation,LambdaHandler,0,125,0,14,0,24,0,11,0,4
checkstyle,com.puppycrawl.tools.checkstyle.checks.indentation,HandlerFactory,0,299,0,10,0,69,0,12,0,7
checkstyle,com.puppycrawl.tools.checkstyle.checks.indentation,IfHandler,0,99,0,10,0,27,0,13,0,8
checkstyle,com.puppycrawl.tools.checkstyle.checks.indentation,NewHandler,0,53,0,4,0,13,0,6,0,4
checkstyle,com.puppycrawl.tools.checkstyle.checks.indentation,AbstractExpressionHandler,0,579,0,82,0,142,0,72,0,31
checkstyle,com.puppycrawl.tools.checkstyle.checks.indentation,IndentLevel,0,196,0,16,0,36,0,19,0,11
checkstyle,com.puppycrawl.tools.checkstyle.checks.indentation,LineSet,0,70,0,0,0,11,0,8,0,8
checkstyle,com.puppycrawl.tools.checkstyle.checks.indentation,CatchHandler,0,26,0,0,0,9,0,3,0,3
checkstyle,com.puppycrawl.tools.checkstyle.checks.indentation,BlockParentHandler,0,335,0,36,0,64,0,39,0,21
checkstyle,com.puppycrawl.tools.checkstyle.xpath,ElementNode.FollowingEnumeration,0,45,0,6,0,14,0,5,0,2
checkstyle,com.puppycrawl.tools.checkstyle.xpath,AbstractNode,0,106,0,6,0,37,0,33,0,30
checkstyle,com.puppycrawl.tools.checkstyle.xpath,ElementNode,0,329,0,29,0,99,0,40,0,20
checkstyle,com.puppycrawl.tools.checkstyle.xpath,AttributeNode,0,39,0,0,0,16,0,13,0,13
checkstyle,com.puppycrawl.tools.checkstyle.xpath,RootNode,0,133,0,12,0,47,0,23,0,15
checkstyle,com.puppycrawl.tools.checkstyle.xpath,XpathQueryGenerator,0,329,0,50,0,93,0,39,0,14
checkstyle,com.puppycrawl.tools.checkstyle.checks.modifier,InterfaceMemberImpliedModifierCheck,0,259,0,44,0,66,0,38,0,15
checkstyle,com.puppycrawl.tools.checkstyle.checks.modifier,ClassMemberImpliedModifierCheck,0,90,0,15,0,21,0,15,0,7
checkstyle,com.puppycrawl.tools.checkstyle.checks.modifier,ModifierOrderCheck,0,247,0,40,0,53,0,29,0,9
checkstyle,com.puppycrawl.tools.checkstyle.checks.modifier,RedundantModifierCheck,0,546,0,108,0,136,0,76,0,22
checkstyle,com.puppycrawl.tools.checkstyle.checks.coding,ArrayTrailingCommaCheck,0,49,0,8,0,12,0,9,0,5
checkstyle,com.puppycrawl.tools.checkstyle.checks.coding,ModifiedControlVariableCheck,0,426,0,36,0,101,0,44,0,23
checkstyle,com.puppycrawl.tools.checkstyle.checks.coding,RequireThisCheck.MethodFrame,0,7,0,0,0,3,0,2,0,2
checkstyle,com.puppycrawl.tools.checkstyle.checks.coding,MultipleStringLiteralsCheck,0,185,0,20,0,44,0,22,0,12
checkstyle,com.puppycrawl.tools.checkstyle.checks.coding,VariableDeclarationUsageDistanceCheck,0,785,0,154,0,255,0,103,0,22
checkstyle,com.puppycrawl.tools.checkstyle.checks.coding,FinalLocalVariableCheck.FinalVariableCandidate,0,6,0,0,0,3,0,1,0,1
checkstyle,com.puppycrawl.tools.checkstyle.checks.coding,IllegalTypeCheck,0,660,0,93,0,168,0,83,0,34
checkstyle,com.puppycrawl.tools.checkstyle.checks.coding,ExplicitInitializationCheck,0,231,0,46,0,49,0,34,0,11
checkstyle,com.puppycrawl.tools.checkstyle.checks.coding,PackageDeclarationCheck,0,95,0,8,0,27,0,13,0,9
checkstyle,com.puppycrawl.tools.checkstyle.checks.coding,IllegalThrowsCheck,0,150,0,14,0,32,0,17,0,10
checkstyle,com.puppycrawl.tools.checkstyle.checks.coding,MissingSwitchDefaultCheck,0,50,0,6,0,16,0,9,0,6
checkstyle,com.puppycrawl.tools.checkstyle.checks.coding,SuperFinalizeCheck,0,5,0,0,0,2,0,2,0,2
checkstyle,com.puppycrawl.tools.checkstyle.checks.coding,ReturnCountCheck,0,195,0,11,0,47,0,21,0,14
checkstyle,com.puppycrawl.tools.checkstyle.checks.coding,RequireThisCheck.CatchFrame,0,7,0,0,0,3,0,2,0,2
checkstyle,com.puppycrawl.tools.checkstyle.checks.coding,SuperCloneCheck,0,5,0,0,0,2,0,2,0,2
checkstyle,com.puppycrawl.tools.checkstyle.checks.coding,DeclarationOrderCheck.ScopeState,0,9,0,0,0,3,0,1,0,1
checkstyle,com.puppycrawl.tools.checkstyle.checks.coding,UnnecessarySemicolonInTryWithResourcesCheck,0,48,0,6,0,13,0,9,0,6
checkstyle,com.puppycrawl.tools.checkstyle.checks.coding,UnnecessarySemicolonInEnumerationCheck,0,45,0,6,0,10,0,9,0,6
checkstyle,com.puppycrawl.tools.checkstyle.checks.coding,IllegalTokenCheck,0,54,0,3,0,15,0,9,0,7
checkstyle,com.puppycrawl.tools.checkstyle.checks.coding,AvoidNoArgumentSuperConstructorCallCheck,0,33,0,4,0,8,0,7,0,5
checkstyle,com.puppycrawl.tools.checkstyle.checks.coding,IllegalTokenTextCheck,0,121,0,8,0,30,0,14,0,10
checkstyle,com.puppycrawl.tools.checkstyle.checks.coding,AbstractSuperCheck.MethodNode,0,19,0,0,0,8,0,4,0,4
checkstyle,com.puppycrawl.tools.checkstyle.checks.coding,DefaultComesLastCheck,0,85,0,14,0,24,0,14,0,7
checkstyle,com.puppycrawl.tools.checkstyle.checks.coding,EqualsAvoidNullCheck,0,598,0,100,0,154,0,79,0,27
checkstyle,com.puppycrawl.tools.checkstyle.checks.coding,CovariantEqualsCheck,0,118,0,16,0,30,0,14,0,6
checkstyle,com.puppycrawl.tools.checkstyle.checks.coding,OneStatementPerLineCheck,0,300,0,58,0,79,0,45,0,14
checkstyle,com.puppycrawl.tools.checkstyle.checks.coding,MagicNumberCheck,0,467,0,80,0,108,0,60,0,20
checkstyle,com.puppycrawl.tools.checkstyle.checks.coding,ParameterAssignmentCheck,0,218,0,19,0,49,0,24,0,13
checkstyle,com.puppycrawl.tools.checkstyle.checks.coding,ReturnCountCheck.Context,0,77,0,8,0,12,0,7,0,3
checkstyle,com.puppycrawl.tools.checkstyle.checks.coding,OverloadMethodsDeclarationOrderCheck,0,114,0,16,0,29,0,14,0,6
checkstyle,com.puppycrawl.tools.checkstyle.checks.coding,RequireThisCheck.BlockFrame,0,7,0,0,0,3,0,2,0,2
checkstyle,com.puppycrawl.tools.checkstyle.checks.coding,RequireThisCheck.AnonymousClassFrame,0,11,0,0,0,4,0,2,0,2
checkstyle,com.puppycrawl.tools.checkstyle.checks.coding,RequireThisCheck.FrameType,0,64,0,0,0,7,0,1,0,1
checkstyle,com.puppycrawl.tools.checkstyle.checks.coding,RequireThisCheck.ClassFrame,0,224,0,34,0,55,0,33,0,16
checkstyle,com.puppycrawl.tools.checkstyle.checks.coding,DeclarationOrderCheck,0,332,0,60,0,86,0,47,0,15
checkstyle,com.puppycrawl.tools.checkstyle.checks.coding,FallThroughCheck,0,399,0,68,0,106,0,54,0,16
checkstyle,com.puppycrawl.tools.checkstyle.checks.coding,MultipleVariableDeclarationsCheck,0,91,0,20,0,26,0,16,0,6
checkstyle,com.puppycrawl.tools.checkstyle.checks.coding,IllegalInstantiationCheck,0,362,0,49,0,92,0,43,0,17
checkstyle,com.puppycrawl.tools.checkstyle.checks.coding,NoEnumTrailingCommaCheck,0,37,0,4,0,10,0,7,0,5
checkstyle,com.puppycrawl.tools.checkstyle.checks.coding,FinalLocalVariableCheck.ScopeData,0,42,0,6,0,12,0,5,0,2
checkstyle,com.puppycrawl.tools.checkstyle.checks.coding,RequireThisCheck.ForFrame,0,7,0,0,0,3,0,2,0,2
checkstyle,com.puppycrawl.tools.checkstyle.checks.coding,InnerAssignmentCheck,0,435,0,24,0,45,0,23,0,11
checkstyle,com.puppycrawl.tools.checkstyle.checks.coding,NoFinalizerCheck,0,49,0,6,0,13,0,8,0,5
checkstyle,com.puppycrawl.tools.checkstyle.checks.coding,EmptyStatementCheck,0,23,0,0,0,6,0,5,0,5
checkstyle,com.puppycrawl.tools.checkstyle.checks.coding,RequireThisCheck,0,1509,0,284,0,392,0,192,0,44
checkstyle,com.puppycrawl.tools.checkstyle.checks.coding,NestedForDepthCheck,0,64,0,2,0,15,0,9,0,8
checkstyle,com.puppycrawl.tools.checkstyle.checks.coding,UnnecessaryParenthesesCheck,0,558,0,58,0,62,0,41,0,12
checkstyle,com.puppycrawl.tools.checkstyle.checks.coding,NestedTryDepthCheck,0,64,0,2,0,15,0,9,0,8
checkstyle,com.puppycrawl.tools.checkstyle.checks.coding,NestedIfDepthCheck,0,70,0,6,0,17,0,11,0,8
checkstyle,com.puppycrawl.tools.checkstyle.checks.coding,UnnecessarySemicolonAfterTypeMemberDeclarationCheck,0,161,0,24,0,31,0,23,0,10
checkstyle,com.puppycrawl.tools.checkstyle.checks.coding,EqualsHashCodeCheck,0,178,0,26,0,40,0,26,0,13
checkstyle,com.puppycrawl.tools.checkstyle.checks.coding,SimplifyBooleanExpressionCheck,0,34,0,2,0,9,0,6,0,5
checkstyle,com.puppycrawl.tools.checkstyle.checks.coding,EqualsAvoidNullCheck.FieldFrame,0,97,0,6,0,30,0,16,0,13
checkstyle,com.puppycrawl.tools.checkstyle.checks.coding,StringLiteralEqualityCheck,0,46,0,4,0,10,0,7,0,5
checkstyle,com.puppycrawl.tools.checkstyle.checks.coding,RequireThisCheck.AbstractFrame,0,92,0,12,0,26,0,15,0,9
checkstyle,com.puppycrawl.tools.checkstyle.checks.coding,HiddenFieldCheck.FieldFrame,0,94,0,18,0,24,0,16,0,7
checkstyle,com.puppycrawl.tools.checkstyle.checks.coding,MissingCtorCheck,0,38,0,4,0,10,0,7,0,5
checkstyle,com.puppycrawl.tools.checkstyle.checks.coding,HiddenFieldCheck,0,522,0,111,0,126,0,80,0,24
checkstyle,com.puppycrawl.tools.checkstyle.checks.coding,FinalLocalVariableCheck,0,1055,0,184,0,223,0,131,0,36
checkstyle,com.puppycrawl.tools.checkstyle.checks.coding,NoCloneCheck,0,49,0,6,0,13,0,8,0,5
checkstyle,com.puppycrawl.tools.checkstyle.checks.coding,NoArrayTrailingCommaCheck,0,36,0,4,0,9,0,7,0,5
checkstyle,com.puppycrawl.tools.checkstyle.checks.coding,RequireThisCheck.ConstructorFrame,0,7,0,0,0,3,0,2,0,2
checkstyle,com.puppycrawl.tools.checkstyle.checks.coding,IllegalCatchCheck,0,144,0,8,0,31,0,11,0,7
checkstyle,com.puppycrawl.tools.checkstyle.checks.coding,AvoidInlineConditionalsCheck,0,23,0,0,0,6,0,5,0,5
checkstyle,com.puppycrawl.tools.checkstyle.checks.coding,AbstractSuperCheck,0,206,0,38,0,56,0,31,0,12
checkstyle,com.puppycrawl.tools.checkstyle.checks.coding,SimplifyBooleanReturnCheck,0,105,0,22,0,29,0,19,0,8
checkstyle,com.puppycrawl.tools.checkstyle.filters,SuppressWithNearbyCommentFilter.Tag,0,342,0,42,0,64,0,31,0,10
checkstyle,com.puppycrawl.tools.checkstyle.filters,SuppressWithNearbyCommentFilter,0,213,0,20,0,66,0,27,0,17
checkstyle,com.puppycrawl.tools.checkstyle.filters,SuppressionFilter,0,53,0,6,0,15,0,9,0,6
checkstyle,com.puppycrawl.tools.checkstyle.filters,SuppressWarningsFilter,0,11,0,2,0,3,0,4,0,3
checkstyle,com.puppycrawl.tools.checkstyle.filters,SuppressWithPlainTextCommentFilter.SuppressionType,0,24,0,0,0,3,0,1,0,1
checkstyle,com.puppycrawl.tools.checkstyle.filters,SuppressWithPlainTextCommentFilter.Suppression,0,271,0,42,0,59,0,29,0,8
checkstyle,com.puppycrawl.tools.checkstyle.filters,SuppressionSingleFilter,0,51,0,0,0,16,0,9,0,9
checkstyle,com.puppycrawl.tools.checkstyle.filters,SuppressWithPlainTextCommentFilter,0,200,0,16,0,52,0,23,0,15
checkstyle,com.puppycrawl.tools.checkstyle.filters,CsvFilterElement,0,124,0,14,0,34,0,13,0,6
checkstyle,com.puppycrawl.tools.checkstyle.filters,XpathFilterElement,0,416,0,72,0,92,0,46,0,10
checkstyle,com.puppycrawl.tools.checkstyle.filters,SuppressionsLoader,0,317,0,16,0,72,0,18,0,10
checkstyle,com.puppycrawl.tools.checkstyle.filters,SuppressionCommentFilter.TagType,0,24,0,0,0,3,0,1,0,1
checkstyle,com.puppycrawl.tools.checkstyle.filters,IntRangeFilterElement,0,74,0,14,0,14,0,11,0,4
checkstyle,com.puppycrawl.tools.checkstyle.filters,IntMatchFilterElement,0,48,0,6,0,10,0,8,0,5
checkstyle,com.puppycrawl.tools.checkstyle.filters,SuppressionXpathFilter,0,103,0,16,0,28,0,16,0,8
checkstyle,com.puppycrawl.tools.checkstyle.filters,SuppressionXpathSingleFilter,0,65,0,6,0,20,0,11,0,8
checkstyle,com.puppycrawl.tools.checkstyle.filters,SeverityMatchFilter,0,35,0,4,0,10,0,7,0,5
checkstyle,com.puppycrawl.tools.checkstyle.filters,SuppressFilterElement,0,353,0,76,0,75,0,46,0,8
checkstyle,com.puppycrawl.tools.checkstyle.filters,SuppressionCommentFilter.Tag,0,331,0,40,0,62,0,32,0,12
checkstyle,com.puppycrawl.tools.checkstyle.filters,SuppressionCommentFilter,0,264,0,30,0,73,0,32,0,17
checkstyle,com.puppycrawl.tools.checkstyle.checks.design,FinalClassCheck,0,272,0,42,0,67,0,36,0,14
checkstyle,com.puppycrawl.tools.checkstyle.checks.design,OneTopLevelClassCheck,0,117,0,18,0,29,0,16,0,7
checkstyle,com.puppycrawl.tools.checkstyle.checks.design,FinalClassCheck.ClassDesc,0,42,0,0,0,17,0,10,0,10
checkstyle,com.puppycrawl.tools.checkstyle.checks.design,InterfaceIsTypeCheck,0,56,0,8,0,17,0,10,0,6
checkstyle,com.puppycrawl.tools.checkstyle.checks.design,ThrowsCountCheck,0,145,0,20,0,38,0,21,0,11
checkstyle,com.puppycrawl.tools.checkstyle.checks.design,MutableExceptionCheck,0,163,0,19,0,43,0,23,0,13
checkstyle,com.puppycrawl.tools.checkstyle.checks.design,VisibilityModifierCheck,0,851,0,129,0,202,0,105,0,40
checkstyle,com.puppycrawl.tools.checkstyle.checks.design,DesignForExtensionCheck,0,357,0,72,0,93,0,56,0,20
checkstyle,com.puppycrawl.tools.checkstyle.checks.design,HideUtilityClassConstructorCheck.Details,0,106,0,20,0,37,0,16,0,6
checkstyle,com.puppycrawl.tools.checkstyle.checks.design,HideUtilityClassConstructorCheck,0,100,0,24,0,24,0,19,0,7
checkstyle,com.puppycrawl.tools.checkstyle.checks.design,InnerTypeLastCheck,0,68,0,12,0,20,0,13,0,7
checkstyle,com.puppycrawl.tools.checkstyle.checks,TranslationCheck.ResourceBundle,0,60,0,4,0,19,0,9,0,7
checkstyle,com.puppycrawl.tools.checkstyle.checks,FinalParametersCheck,0,214,0,24,0,56,0,23,0,11
checkstyle,com.puppycrawl.tools.checkstyle.checks,AvoidEscapedUnicodeCharactersCheck,0,221,0,32,0,55,0,33,0,17
checkstyle,com.puppycrawl.tools.checkstyle.checks,UpperEllCheck,0,28,0,2,0,7,0,6,0,5
checkstyle,com.puppycrawl.tools.checkstyle.checks,SuppressWarningsHolder,0,559,0,87,0,146,0,71,0,25
checkstyle,com.puppycrawl.tools.checkstyle.checks,SuppressWarningsHolder.Entry,0,33,0,0,0,12,0,6,0,6
checkstyle,com.puppycrawl.tools.checkstyle.checks,UniquePropertiesCheck,0,150,0,8,0,33,0,9,0,5
checkstyle,com.puppycrawl.tools.checkstyle.checks,TranslationCheck,0,675,0,50,0,159,0,49,0,24
checkstyle,com.puppycrawl.tools.checkstyle.checks,TrailingCommentCheck,0,179,0,18,0,43,0,18,0,9
checkstyle,com.puppycrawl.tools.checkstyle.checks,DescendantTokenCheck,0,384,0,36,0,89,0,34,0,16
checkstyle,com.puppycrawl.tools.checkstyle.checks,TodoCommentCheck,0,63,0,4,0,13,0,9,0,7
checkstyle,com.puppycrawl.tools.checkstyle.checks,NewlineAtEndOfFileCheck,0,110,0,6,0,25,0,8,0,5
checkstyle,com.puppycrawl.tools.checkstyle.checks,OuterTypeFilenameCheck,0,116,0,12,0,28,0,15,0,9
checkstyle,com.puppycrawl.tools.checkstyle.checks,OrderedPropertiesCheck.SequencedProperties,0,22,0,0,0,5,0,3,0,3
checkstyle,com.puppycrawl.tools.checkstyle.checks,ArrayTypeStyleCheck,0,89,0,22,0,19,0,17,0,6
checkstyle,com.puppycrawl.tools.checkstyle.checks,UncommentedMainCheck,0,250,0,38,0,65,0,37,0,17
checkstyle,com.puppycrawl.tools.checkstyle.checks,LineSeparatorOption,0,97,0,6,0,14,0,7,0,4
checkstyle,com.puppycrawl.tools.checkstyle.checks,UniquePropertiesCheck.UniqueProperties,0,42,0,4,0,9,0,6,0,4
checkstyle,com.puppycrawl.tools.checkstyle.checks,OrderedPropertiesCheck,0,158,0,8,0,37,0,10,0,6
checkstyle,com.puppycrawl.tools.checkstyle.ant,CheckstyleAntTask.FormatterType,0,19,0,0,0,3,0,3,0,3
checkstyle,com.puppycrawl.tools.checkstyle.ant,CheckstyleAntTask.Formatter,0,108,0,12,0,22,0,13,0,7
checkstyle,com.puppycrawl.tools.checkstyle.ant,CheckstyleAntTask,0,866,0,52,0,186,0,54,0,28
checkstyle,com.puppycrawl.tools.checkstyle.ant,CheckstyleAntTask.Property,0,22,0,0,0,9,0,6,0,6
checkstyle,com.puppycrawl.tools.checkstyle.ant,CheckstyleAntTask.Listener,0,10,0,0,0,4,0,3,0,3
checkstyle,com.puppycrawl.tools.checkstyle.checks.naming,PackageNameCheck,0,57,0,2,0,14,0,7,0,6
checkstyle,com.puppycrawl.tools.checkstyle.checks.naming,AccessModifier,0,60,0,0,0,8,0,4,0,4
checkstyle,com.puppycrawl.tools.checkstyle.checks.naming,ConstantNameCheck,0,74,0,20,0,19,0,15,0,5
checkstyle,com.puppycrawl.tools.checkstyle.checks.naming,LocalVariableNameCheck,0,78,0,16,0,17,0,15,0,7
checkstyle,com.puppycrawl.tools.checkstyle.checks.naming,LocalFinalVariableNameCheck,0,49,0,8,0,10,0,9,0,5
checkstyle,com.puppycrawl.tools.checkstyle.checks.naming,ClassTypeParameterNameCheck,0,29,0,2,0,8,0,6,0,5
checkstyle,com.puppycrawl.tools.checkstyle.checks.naming,ParameterNameCheck,0,150,0,22,0,37,0,22,0,11
checkstyle,com.puppycrawl.tools.checkstyle.checks.naming,TypeNameCheck,0,28,0,0,0,5,0,4,0,4
checkstyle,com.puppycrawl.tools.checkstyle.checks.naming,CatchParameterNameCheck,0,26,0,2,0,6,0,6,0,5
checkstyle,com.puppycrawl.tools.checkstyle.checks.naming,InterfaceTypeParameterNameCheck,0,29,0,2,0,8,0,6,0,5
checkstyle,com.puppycrawl.tools.checkstyle.checks.naming,AbstractNameCheck,0,44,0,4,0,12,0,5,0,3
checkstyle,com.puppycrawl.tools.checkstyle.checks.naming,MethodNameCheck,0,67,0,10,0,20,0,11,0,6
checkstyle,com.puppycrawl.tools.checkstyle.checks.naming,AbstractClassNameCheck,0,104,0,12,0,25,0,17,0,11
checkstyle,com.puppycrawl.tools.checkstyle.checks.naming,StaticVariableNameCheck,0,52,0,12,0,12,0,11,0,5
checkstyle,com.puppycrawl.tools.checkstyle.checks.naming,MemberNameCheck,0,45,0,10,0,11,0,10,0,5
checkstyle,com.puppycrawl.tools.checkstyle.checks.naming,AbstractAccessControlNameCheck,0,96,0,28,0,23,0,21,0,7
checkstyle,com.puppycrawl.tools.checkstyle.checks.naming,LambdaParameterNameCheck,0,46,0,6,0,15,0,9,0,6
checkstyle,com.puppycrawl.tools.checkstyle.checks.naming,MethodTypeParameterNameCheck,0,29,0,2,0,8,0,6,0,5
checkstyle,com.puppycrawl.tools.checkstyle.checks.naming,AbbreviationAsWordInNameCheck,0,389,0,58,0,92,0,46,0,17
checkstyle,com.puppycrawl.tools.checkstyle.checks.blocks,BlockOption,0,24,0,0,0,3,0,1,0,1
checkstyle,com.puppycrawl.tools.checkstyle.checks.blocks,EmptyCatchBlockCheck,0,185,0,26,0,51,0,27,0,14
checkstyle,com.puppycrawl.tools.checkstyle.checks.blocks,NeedBracesCheck,0,340,0,53,0,81,0,52,0,22
checkstyle,com.puppycrawl.tools.checkstyle.checks.blocks,RightCurlyCheck.Details,0,260,0,32,0,76,0,27,0,10
checkstyle,com.puppycrawl.tools.checkstyle.checks.blocks,RightCurlyOption,0,34,0,0,0,4,0,1,0,1
checkstyle,com.puppycrawl.tools.checkstyle.checks.blocks,RightCurlyCheck,0,368,0,66,0,60,0,50,0,17
checkstyle,com.puppycrawl.tools.checkstyle.checks.blocks,LeftCurlyCheck,0,465,0,62,0,85,0,47,0,14
checkstyle,com.puppycrawl.tools.checkstyle.checks.blocks,LeftCurlyOption,0,34,0,0,0,4,0,1,0,1
checkstyle,com.puppycrawl.tools.checkstyle.checks.blocks,EmptyBlockCheck,0,336,0,42,0,59,0,30,0,9
checkstyle,com.puppycrawl.tools.checkstyle.checks.blocks,AvoidNestedBlocksCheck,0,41,0,6,0,11,0,9,0,6
checkstyle,com.puppycrawl.tools.checkstyle.checks.header,HeaderCheck,0,108,0,14,0,20,0,14,0,7
checkstyle,com.puppycrawl.tools.checkstyle.checks.header,RegexpHeaderCheck,0,259,0,38,0,58,0,29,0,10
checkstyle,com.puppycrawl.tools.checkstyle.checks.header,AbstractHeaderCheck,0,188,0,16,0,51,0,19,0,11
checkstyle,com.puppycrawl.tools.checkstyle.checks.sizes,LineLengthCheck,0,76,0,8,0,16,0,9,0,5
checkstyle,com.puppycrawl.tools.checkstyle.checks.sizes,ExecutableStatementCountCheck,0,199,0,20,0,43,0,22,0,11
checkstyle,com.puppycrawl.tools.checkstyle.checks.sizes,MethodCountCheck.MethodCounter,0,74,0,6,0,16,0,8,0,5
checkstyle,com.puppycrawl.tools.checkstyle.checks.sizes,MethodLengthCheck,0,110,0,12,0,26,0,14,0,8
checkstyle,com.puppycrawl.tools.checkstyle.checks.sizes,MethodCountCheck,0,219,0,12,0,48,0,21,0,15
checkstyle,com.puppycrawl.tools.checkstyle.checks.sizes,ParameterNumberCheck,0,83,0,10,0,18,0,13,0,8
checkstyle,com.puppycrawl.tools.checkstyle.checks.sizes,OuterTypeNumberCheck,0,89,0,4,0,19,0,11,0,9
checkstyle,com.puppycrawl.tools.checkstyle.checks.sizes,AnonInnerLengthCheck,0,63,0,4,0,16,0,8,0,6
checkstyle,com.puppycrawl.tools.checkstyle.checks.sizes,ExecutableStatementCountCheck.Context,0,22,0,0,0,8,0,4,0,4
checkstyle,com.puppycrawl.tools.checkstyle.checks.sizes,FileLengthCheck,0,34,0,2,0,7,0,4,0,3
checkstyle,com.puppycrawl.tools.checkstyle.filefilters,BeforeExecutionExclusionFileFilter,0,21,0,4,0,5,0,6,0,4
checkstyle,com.puppycrawl.tools.checkstyle.checks.javadoc,JavadocTagContinuationIndentationCheck,0,127,0,22,0,34,0,18,0,7
checkstyle,com.puppycrawl.tools.checkstyle.checks.javadoc,JavadocTypeCheck,0,437,0,58,0,94,0,48,0,19
checkstyle,com.puppycrawl.tools.checkstyle.checks.javadoc,JavadocTag,0,139,0,26,0,19,0,26,0,13
checkstyle,com.puppycrawl.tools.checkstyle.checks.javadoc,NonEmptyAtclauseDescriptionCheck,0,53,0,4,0,8,0,6,0,4
checkstyle,com.puppycrawl.tools.checkstyle.checks.javadoc,MissingJavadocTypeCheck,0,122,0,22,0,29,0,20,0,9
checkstyle,com.puppycrawl.tools.checkstyle.checks.javadoc,SingleLineJavadocCheck,0,110,0,18,0,28,0,19,0,10
checkstyle,com.puppycrawl.tools.checkstyle.checks.javadoc,JavadocTags,0,29,0,0,0,8,0,3,0,3
checkstyle,com.puppycrawl.tools.checkstyle.checks.javadoc,JavadocStyleCheck,0,922,0,102,0,162,0,75,0,24
checkstyle,com.puppycrawl.tools.checkstyle.checks.javadoc,AbstractJavadocCheck.FileContext,0,8,0,0,0,2,0,1,0,1
checkstyle,com.puppycrawl.tools.checkstyle.checks.javadoc,JavadocTagInfo.new JavadocTagInfo() {...},0,22,0,4,0,4,0,4,0,2
checkstyle,com.puppycrawl.tools.checkstyle.checks.javadoc,JavadocTagInfo.new JavadocTagInfo() {...},0,23,0,4,0,4,0,4,0,2
checkstyle,com.puppycrawl.tools.checkstyle.checks.javadoc,JavadocTagInfo.new JavadocTagInfo() {...},0,28,0,4,0,5,0,4,0,2
checkstyle,com.puppycrawl.tools.checkstyle.checks.javadoc,JavadocTagInfo.new JavadocTagInfo() {...},0,28,0,8,0,3,0,6,0,2
checkstyle,com.puppycrawl.tools.checkstyle.checks.javadoc,JavadocTagInfo.new JavadocTagInfo() {...},0,22,0,4,0,3,0,4,0,2
checkstyle,com.puppycrawl.tools.checkstyle.checks.javadoc,JavadocTagInfo.new JavadocTagInfo() {...},0,23,0,4,0,4,0,4,0,2
checkstyle,com.puppycrawl.tools.checkstyle.checks.javadoc,JavadocTagInfo.new JavadocTagInfo() {...},0,34,0,6,0,6,0,5,0,2
checkstyle,com.puppycrawl.tools.checkstyle.checks.javadoc,JavadocTagInfo.new JavadocTagInfo() {...},0,50,0,14,0,11,0,9,0,2
checkstyle,com.puppycrawl.tools.checkstyle.checks.javadoc,JavadocTagInfo.new JavadocTagInfo() {...},0,31,0,10,0,3,0,7,0,2
checkstyle,com.puppycrawl.tools.checkstyle.checks.javadoc,JavadocTagInfo.new JavadocTagInfo() {...},0,23,0,4,0,4,0,4,0,2
checkstyle,com.puppycrawl.tools.checkstyle.checks.javadoc,JavadocMethodCheck.RegularClass,0,35,0,0,0,6,0,2,0,2
checkstyle,com.puppycrawl.tools.checkstyle.checks.javadoc,JavadocPackageCheck,0,87,0,12,0,21,0,9,0,3
checkstyle,com.puppycrawl.tools.checkstyle.checks.javadoc,JavadocTagInfo.Type,0,24,0,0,0,3,0,1,0,1
checkstyle,com.puppycrawl.tools.checkstyle.checks.javadoc,JavadocTagInfo.new JavadocTagInfo() {...},0,23,0,4,0,4,0,4,0,2
checkstyle,com.puppycrawl.tools.checkstyle.checks.javadoc,AbstractJavadocCheck,0,386,0,42,0,96,0,46,0,25
checkstyle,com.puppycrawl.tools.checkstyle.checks.javadoc,TagParser.Point,0,15,0,0,0,6,0,3,0,3
checkstyle,com.puppycrawl.tools.checkstyle.checks.javadoc,InvalidJavadocTag,0,21,0,0,0,8,0,4,0,4
checkstyle,com.puppycrawl.tools.checkstyle.checks.javadoc,JavadocTagInfo.new JavadocTagInfo() {...},0,23,0,4,0,4,0,4,0,2
checkstyle,com.puppycrawl.tools.checkstyle.checks.javadoc,JavadocTagInfo.new JavadocTagInfo() {...},0,23,0,4,0,4,0,4,0,2
checkstyle,com.puppycrawl.tools.checkstyle.checks.javadoc,JavadocTagInfo.new JavadocTagInfo() {...},0,31,0,6,0,7,0,5,0,2
checkstyle,com.puppycrawl.tools.checkstyle.checks.javadoc,JavadocTagInfo.new JavadocTagInfo() {...},0,22,0,4,0,3,0,4,0,2
checkstyle,com.puppycrawl.tools.checkstyle.checks.javadoc,JavadocTagInfo.new JavadocTagInfo() {...},0,23,0,4,0,4,0,4,0,2
checkstyle,com.puppycrawl.tools.checkstyle.checks.javadoc,JavadocTagInfo.new JavadocTagInfo() {...},0,23,0,4,0,4,0,4,0,2
checkstyle,com.puppycrawl.tools.checkstyle.checks.javadoc,JavadocTagInfo.new JavadocTagInfo() {...},0,23,0,4,0,4,0,4,0,2
checkstyle,com.puppycrawl.tools.checkstyle.checks.javadoc,JavadocTagInfo.new JavadocTagInfo() {...},0,31,0,10,0,3,0,7,0,2
checkstyle,com.puppycrawl.tools.checkstyle.checks.javadoc,JavadocMethodCheck.ClassAlias,0,25,0,0,0,4,0,2,0,2
checkstyle,com.puppycrawl.tools.checkstyle.checks.javadoc,JavadocMethodCheck,0,1352,1,189,0,358,1,138,0,44
checkstyle,com.puppycrawl.tools.checkstyle.checks.javadoc,JavadocMethodCheck.Token,0,58,0,0,0,14,0,6,0,6
checkstyle,com.puppycrawl.tools.checkstyle.checks.javadoc,JavadocBlockTagLocationCheck,0,140,0,10,0,20,0,13,0,8
checkstyle,com.puppycrawl.tools.checkstyle.checks.javadoc,JavadocParagraphCheck,0,240,0,62,0,64,0,43,0,12
checkstyle,com.puppycrawl.tools.checkstyle.checks.javadoc,AtclauseOrderCheck,0,255,0,20,0,43,0,19,0,9
checkstyle,com.puppycrawl.tools.checkstyle.checks.javadoc,JavadocContentLocationCheck,0,112,0,24,0,31,0,21,0,9
checkstyle,com.puppycrawl.tools.checkstyle.checks.javadoc,JavadocMethodCheck.ExceptionInfo,0,17,0,0,0,7,0,4,0,4
checkstyle,com.puppycrawl.tools.checkstyle.checks.javadoc,JavadocMethodCheck.ClassInfo,0,16,0,2,0,6,0,3,0,2
checkstyle,com.puppycrawl.tools.checkstyle.checks.javadoc,JavadocTagInfo,0,460,0,8,0,51,0,15,0,11
checkstyle,com.puppycrawl.tools.checkstyle.checks.javadoc,MissingJavadocMethodCheck,0,220,0,42,0,56,0,38,0,17
checkstyle,com.puppycrawl.tools.checkstyle.checks.javadoc,HtmlTag,0,115,0,4,0,18,0,11,0,9
checkstyle,com.puppycrawl.tools.checkstyle.checks.javadoc,TagParser,0,365,0,58,0,80,0,41,0,12
checkstyle,com.puppycrawl.tools.checkstyle.checks.javadoc,JavadocNodeImpl,0,118,0,2,0,29,0,18,0,17
checkstyle,com.puppycrawl.tools.checkstyle.checks.javadoc,JavadocVariableCheck,0,139,0,28,0,33,0,24,0,10
checkstyle,com.puppycrawl.tools.checkstyle.checks.javadoc,WriteTagCheck,0,233,0,14,0,40,0,17,0,10
checkstyle,com.puppycrawl.tools.checkstyle.checks.javadoc,MissingJavadocPackageCheck,0,97,0,22,0,24,0,20,0,9
checkstyle,com.puppycrawl.tools.checkstyle.checks.javadoc,SummaryJavadocCheck,0,363,0,50,0,85,0,38,0,13
checkstyle,com.puppycrawl.tools.checkstyle.checks.javadoc,JavadocContentLocationOption,0,24,0,0,0,3,0,1,0,1
checkstyle,com.puppycrawl.tools.checkstyle.checks.javadoc,InvalidJavadocPositionCheck,0,34,0,4,0,10,0,8,0,6
checkstyle,com.puppycrawl.tools.checkstyle.api,AbstractFileSetCheck,0,254,0,8,0,59,0,24,0,20
checkstyle,com.puppycrawl.tools.checkstyle.api,AutomaticBean.UriConverter,0,20,0,2,0,8,0,2,0,1
checkstyle,com.puppycrawl.tools.checkstyle.api,AbstractViolationReporter,0,67,0,2,0,20,0,11,0,10
checkstyle,com.puppycrawl.tools.checkstyle.api,FullIdent,0,115,0,8,0,30,0,15,0,11
checkstyle,com.puppycrawl.tools.checkstyle.api,LocalizedMessage,0,454,0,46,0,93,0,47,0,24
checkstyle,com.puppycrawl.tools.checkstyle.api,Comment,0,125,0,4,0,19,0,10,0,8
checkstyle,com.puppycrawl.tools.checkstyle.api,AutomaticBean.RelaxedAccessModifierArrayConverter,0,33,0,2,0,9,0,3,0,2
checkstyle,com.puppycrawl.tools.checkstyle.api,FileContents,0,385,0,34,0,77,0,38,0,21
checkstyle,com.puppycrawl.tools.checkstyle.api,Scope,0,88,0,2,0,11,0,6,0,5
checkstyle,com.puppycrawl.tools.checkstyle.api,CheckstyleException,0,9,0,0,0,4,0,2,0,2
checkstyle,com.puppycrawl.tools.checkstyle.api,LineColumn,0,88,0,12,0,18,0,12,0,6
checkstyle,com.puppycrawl.tools.checkstyle.api,FilterSet,0,55,0,4,0,17,0,9,0,7
checkstyle,com.puppycrawl.tools.checkstyle.api,AutomaticBean.PatternConverter,0,4,0,0,0,1,0,1,0,1
checkstyle,com.puppycrawl.tools.checkstyle.api,SeverityLevel,0,60,0,0,0,9,0,4,0,4
checkstyle,com.puppycrawl.tools.checkstyle.api,AutomaticBean.ScopeConverter,0,4,0,0,0,1,0,1,0,1
checkstyle,com.puppycrawl.tools.checkstyle.api,FileText,0,310,0,18,0,77,0,22,0,13
checkstyle,com.puppycrawl.tools.checkstyle.api,AuditEvent,0,58,0,2,0,19,0,12,0,11
checkstyle,com.puppycrawl.tools.checkstyle.api,AbstractCheck,0,209,0,0,0,54,0,22,0,22
checkstyle,com.puppycrawl.tools.checkstyle.api,BeforeExecutionFileFilterSet,0,55,0,4,0,17,0,9,0,7
checkstyle,com.puppycrawl.tools.checkstyle.api,AbstractFileSetCheck.FileContext,0,8,0,0,0,2,0,1,0,1
checkstyle,com.puppycrawl.tools.checkstyle.api,AutomaticBean.RelaxedStringArrayConverter,0,28,0,2,0,8,0,2,0,1
checkstyle,com.puppycrawl.tools.checkstyle.api,AutomaticBean.SeverityLevelConverter,0,4,0,0,0,1,0,1,0,1
checkstyle,com.puppycrawl.tools.checkstyle.api,AbstractCheck.FileContext,0,8,0,0,0,2,0,1,0,1
checkstyle,com.puppycrawl.tools.checkstyle.api,SeverityLevelCounter,0,49,0,6,0,18,0,11,0,8
checkstyle,com.puppycrawl.tools.checkstyle.api,AutomaticBean.OutputStreamOptions,0,24,0,0,0,3,0,1,0,1
checkstyle,com.puppycrawl.tools.checkstyle.api,LocalizedMessage.Utf8Control,0,50,0,6,0,13,0,5,0,2
checkstyle,com.puppycrawl.tools.checkstyle.api,AutomaticBean,0,418,0,12,0,74,0,15,0,9
checkstyle,com.puppycrawl.tools.checkstyle.checks.regexp,DetectorOptions,0,56,0,4,0,16,0,11,0,9
checkstyle,com.puppycrawl.tools.checkstyle.checks.regexp,CommentSuppressor,0,14,0,0,0,5,0,2,0,2
checkstyle,com.puppycrawl.tools.checkstyle.checks.regexp,SinglelineDetector,0,159,0,14,0,33,0,12,0,5
checkstyle,com.puppycrawl.tools.checkstyle.checks.regexp,RegexpMultilineCheck,0,75,0,2,0,31,0,11,0,10
checkstyle,com.puppycrawl.tools.checkstyle.checks.regexp,RegexpCheck,0,279,0,42,0,66,0,36,0,15
checkstyle,com.puppycrawl.tools.checkstyle.checks.regexp,RegexpSinglelineCheck,0,60,0,0,0,25,0,8,0,8
checkstyle,com.puppycrawl.tools.checkstyle.checks.regexp,MultilineDetector,0,174,0,14,0,35,0,12,0,5
checkstyle,com.puppycrawl.tools.checkstyle.checks.regexp,NeverSuppress,0,7,0,0,0,2,0,2,0,2
checkstyle,com.puppycrawl.tools.checkstyle.checks.regexp,RegexpSinglelineJavaCheck,0,84,0,2,0,33,0,12,0,11
checkstyle,com.puppycrawl.tools.checkstyle.checks.regexp,RegexpOnFilenameCheck,0,178,0,26,0,42,0,26,0,13
checkstyle,com.puppycrawl.tools.checkstyle.checks.regexp,DetectorOptions.Builder,0,87,0,0,0,20,0,10,0,10
checkstyle,com.puppycrawl.tools.checkstyle.checks.imports,ImportOrderOption,0,54,0,0,0,6,0,1,0,1
checkstyle,com.puppycrawl.tools.checkstyle.checks.imports,ImportControlLoader,0,398,0,30,0,91,0,28,0,13
checkstyle,com.puppycrawl.tools.checkstyle.checks.imports,CustomImportOrderCheck,0,821,0,110,0,185,0,87,0,32
checkstyle,com.puppycrawl.tools.checkstyle.checks.imports,MismatchStrategy,0,34,0,0,0,4,0,1,0,1
checkstyle,com.puppycrawl.tools.checkstyle.checks.imports,UnusedImportsCheck,0,394,0,34,0,83,0,39,0,22
checkstyle,com.puppycrawl.tools.checkstyle.checks.imports,ImportControlCheck,0,190,0,18,0,43,0,20,0,11
checkstyle,com.puppycrawl.tools.checkstyle.checks.imports,AccessResult,0,34,0,0,0,4,0,1,0,1
checkstyle,com.puppycrawl.tools.checkstyle.checks.imports,IllegalImportCheck,0,266,0,32,0,55,0,27,0,11
checkstyle,com.puppycrawl.tools.checkstyle.checks.imports,AvoidStaticImportCheck,0,120,0,16,0,31,0,16,0,8
checkstyle,com.puppycrawl.tools.checkstyle.checks.imports,CustomImportOrderCheck.RuleMatchForImport,0,12,0,0,0,5,0,1,0,1
checkstyle,com.puppycrawl.tools.checkstyle.checks.imports,ClassImportRule,0,27,0,2,0,7,0,3,0,2
checkstyle,com.puppycrawl.tools.checkstyle.checks.imports,FileImportControl,0,73,0,8,0,20,0,9,0,5
checkstyle,com.puppycrawl.tools.checkstyle.checks.imports,AbstractImportRule,0,32,0,4,0,13,0,6,0,4
checkstyle,com.puppycrawl.tools.checkstyle.checks.imports,PkgImportControl,0,251,0,24,0,57,0,25,0,13
checkstyle,com.puppycrawl.tools.checkstyle.checks.imports,RedundantImportCheck,0,200,0,10,0,33,0,16,0,11
checkstyle,com.puppycrawl.tools.checkstyle.checks.imports,ImportOrderCheck,0,744,0,146,0,151,0,101,0,28
checkstyle,com.puppycrawl.tools.checkstyle.checks.imports,PkgImportRule,0,84,0,14,0,13,0,9,0,2
checkstyle,com.puppycrawl.tools.checkstyle.checks.imports,AvoidStarImportCheck,0,128,0,16,0,28,0,17,0,9
checkstyle,com.puppycrawl.tools.checkstyle.checks.imports,CustomImportOrderCheck.ImportDetails,0,33,0,0,0,12,0,6,0,6
checkstyle,com.puppycrawl.tools.checkstyle.checks.imports,AbstractImportControl,0,101,0,18,0,29,0,13,0,4
checkstyle,com.puppycrawl.tools.checkstyle.checks.javadoc.utils,TagInfo,0,21,0,0,0,8,0,4,0,4
checkstyle,com.puppycrawl.tools.checkstyle.checks.javadoc.utils,BlockTagUtil,0,99,0,10,0,22,0,7,0,2
checkstyle,com.puppycrawl.tools.checkstyle.checks.javadoc.utils,InlineTagUtil,0,170,0,10,0,34,0,11,0,6
checkstyle,com.puppycrawl.tools.checkstyle.utils,XpathUtil,0,132,0,2,0,23,0,6,0,5
checkstyle,com.puppycrawl.tools.checkstyle.utils,AnnotationUtil,0,177,0,36,0,47,0,27,0,9
checkstyle,com.puppycrawl.tools.checkstyle.utils,FilterUtil,0,15,0,0,0,6,0,1,0,1
checkstyle,com.puppycrawl.tools.checkstyle.utils,ScopeUtil,0,323,0,102,0,85,0,64,0,13
checkstyle,com.puppycrawl.tools.checkstyle.utils,CommonUtil,0,742,0,88,0,190,0,70,0,26
checkstyle,com.puppycrawl.tools.checkstyle.utils,ModuleReflectionUtil,0,131,0,30,0,32,0,28,0,13
checkstyle,com.puppycrawl.tools.checkstyle.utils,JavadocUtil.JavadocTagType,0,34,0,0,0,4,0,1,0,1
checkstyle,com.puppycrawl.tools.checkstyle.utils,CheckUtil,0,636,0,143,0,159,0,90,0,18
checkstyle,com.puppycrawl.tools.checkstyle.utils,TokenUtil,0,263,0,34,0,53,0,32,0,15
checkstyle,com.puppycrawl.tools.checkstyle.utils,BlockCommentPosition,0,402,0,146,0,91,0,91,0,18
checkstyle,com.puppycrawl.tools.checkstyle.utils,JavadocUtil,0,441,0,76,0,113,0,55,0,17
checkstyle,com.puppycrawl.tools.checkstyle,PropertiesExpander,0,42,0,4,0,10,0,4,0,2
checkstyle,com.puppycrawl.tools.checkstyle,JavadocDetailNodeParser.ParseErrorMessage,0,25,0,0,0,8,0,4,0,4
checkstyle,com.puppycrawl.tools.checkstyle,XmlLoader.LoadExternalDtdFeatureProvider,0,18,0,0,0,6,0,1,0,1
checkstyle,com.puppycrawl.tools.checkstyle,JavaParser.new GeneratedJavaRecognizer() {...},0,9,0,0,0,2,0,2,0,2
checkstyle,com.puppycrawl.tools.checkstyle,ConfigurationLoader.InternalLoader,0,222,0,24,0,57,0,17,0,5
checkstyle,com.puppycrawl.tools.checkstyle,PropertyCacheFile,0,350,0,22,0,89,0,31,0,20
checkstyle,com.puppycrawl.tools.checkstyle,Main.OnlyCheckstyleLoggersFilter,0,14,0,0,0,3,0,2,0,2
checkstyle,com.puppycrawl.tools.checkstyle,DetailAstImpl,0,463,0,68,0,151,0,63,0,29
checkstyle,com.puppycrawl.tools.checkstyle,XMLLogger.FileMessages,0,35,0,0,0,9,0,5,0,5
checkstyle,com.puppycrawl.tools.checkstyle,PackageObjectFactory.ModuleLoadOption,0,24,0,0,0,3,0,1,0,1
checkstyle,com.puppycrawl.tools.checkstyle,Main.OutputFormat,0,47,0,2,0,8,0,4,0,3
checkstyle,com.puppycrawl.tools.checkstyle,XpathFileGeneratorAstFilter,0,49,0,4,0,14,0,8,0,6
checkstyle,com.puppycrawl.tools.checkstyle,TreeWalkerAuditEvent,0,55,0,0,0,17,0,12,0,12
checkstyle,com.puppycrawl.tools.checkstyle,XpathFileGeneratorAuditListener,0,146,0,12,0,44,0,15,0,9
checkstyle,com.puppycrawl.tools.checkstyle,DefaultContext,0,27,0,0,0,6,0,4,0,4
checkstyle,com.puppycrawl.tools.checkstyle,Main.CliOptions,0,238,0,50,0,49,0,31,0,6
checkstyle,com.puppycrawl.tools.checkstyle,PackageNamesLoader,0,162,0,12,0,43,0,13,0,7
checkstyle,com.puppycrawl.tools.checkstyle,JavadocDetailNodeParser,0,643,0,64,0,171,0,50,0,18
checkstyle,com.puppycrawl.tools.checkstyle,DetailNodeTreeStringPrinter,0,198,0,16,0,44,0,16,0,8
checkstyle,com.puppycrawl.tools.checkstyle,JavadocDetailNodeParser.DescriptiveErrorListener,0,76,0,2,0,15,0,4,0,3
checkstyle,com.puppycrawl.tools.checkstyle,ConfigurationLoader,0,375,0,26,0,82,0,24,0,11
checkstyle,com.puppycrawl.tools.checkstyle,JavaParser,0,245,0,18,0,77,0,15,0,6
checkstyle,com.puppycrawl.tools.checkstyle,XmlLoader,0,72,0,2,0,24,0,5,0,4
checkstyle,com.puppycrawl.tools.checkstyle,SuppressionsStringPrinter,0,81,0,2,0,18,0,4,0,3
checkstyle,com.puppycrawl.tools.checkstyle,ConfigurationLoader.IgnoredModulesOptions,0,24,0,0,0,3,0,1,0,1
checkstyle,com.puppycrawl.tools.checkstyle,TreeWalker,0,682,0,60,0,175,0,57,0,27
checkstyle,com.puppycrawl.tools.checkstyle,PackageObjectFactory,0,1409,0,40,0,329,0,55,0,35
checkstyle,com.puppycrawl.tools.checkstyle,JavadocPropertiesGenerator,0,389,0,60,0,92,0,42,0,11
checkstyle,com.puppycrawl.tools.checkstyle,AstTreeStringPrinter,0,271,0,20,0,64,0,21,0,11
checkstyle,com.puppycrawl.tools.checkstyle,Checker,0,899,0,70,0,236,0,74,0,39
checkstyle,com.puppycrawl.tools.checkstyle,TreeWalker.AstState,0,24,0,0,0,3,0,1,0,1
checkstyle,com.puppycrawl.tools.checkstyle,ThreadModeSettings,0,58,0,6,0,19,0,8,0,5
checkstyle,com.puppycrawl.tools.checkstyle,XMLLogger,0,537,0,50,0,125,0,44,0,16
checkstyle,com.puppycrawl.tools.checkstyle,DefaultConfiguration,0,138,0,4,0,30,0,15,0,13
checkstyle,com.puppycrawl.tools.checkstyle,AuditEventDefaultFormatter,0,152,0,12,0,35,0,10,0,4
checkstyle,com.puppycrawl.tools.checkstyle,JavaParser.Options,0,24,0,0,0,3,0,1,0,1
checkstyle,com.puppycrawl.tools.checkstyle,JavadocDetailNodeParser.ParseStatus,0,27,0,2,0,9,0,8,0,7
checkstyle,com.puppycrawl.tools.checkstyle,PropertyCacheFile.ExternalResource,0,9,0,0,0,4,0,1,0,1
checkstyle,com.puppycrawl.tools.checkstyle,Main,0,621,0,64,0,171,0,47,0,15
checkstyle,com.puppycrawl.tools.checkstyle,DefaultLogger,0,200,0,16,0,50,0,19,0,11
